product_project_name,product_name,product_key,product_server,product_port
astro,amdocs.bss:abp-sonar:ASTP-ABP-926,amdocs.bss:abp-sonar:ASTP-ABP-926,indlin1525,9000
astro,amdocs.bss:amss-sonar:ASTP-AMSS-926,amdocs.bss:amss-sonar:ASTP-AMSS-926,indlin1525,9000
astro,amdocs.bss:crm-sonar:ASTP-CRM-926,amdocs.bss:crm-sonar:ASTP-CRM-926,indlin1525,9000
astro,amdocs.bss:oms-sonar:ASTP-OMS-926,amdocs.bss:oms-sonar:ASTP-OMS-926,indlin1525,9000
astro,amdocs.bss:abp-sonar:ASTP-ABP-926,amdocs.bss:abp-sonar:ASTP-ABP-926,indlin1525,9000
astro,amdocs.bss:amss-sonar:ASTP-AMSS-926,amdocs.bss:amss-sonar:ASTP-AMSS-926,indlin1525,9000
astro,amdocs.bss:crm-sonar:ASTP-CRM-926,amdocs.bss:crm-sonar:ASTP-CRM-926,indlin1525,9000
astro,amdocs.bss:oms-sonar:ASTP-OMS-926,amdocs.bss:oms-sonar:ASTP-OMS-926,indlin1525,9000
BellCanada,BELL:nm1_crm_5200,BELL:nm1_crm_5200,illin018,9000
BellCanada,BELL:Ecare-5200,BELL:Ecare-5200,illin018,9000
BellCanada,Sonar-BC-nm1_ens-5200,Sonar-BC-nm1_ens-5200,illin018,9000
BellCanada,BELL:amss_nm1_5200,BELL:amss_nm1_5200,illin018,9000
BellCanada,BELL:nm1_crm_5200,BELL:nm1_crm_5200,illin018,9000
BellCanada,BELL:Ecare-5200,BELL:Ecare-5200,illin018,9000
BellCanada,Sonar-BC-nm1_ens-5200,Sonar-BC-nm1_ens-5200,illin018,9000
BellCanada,BELL:amss_nm1_5200,BELL:amss_nm1_5200,illin018,9000
BellCanadaR53,BELL:nm1_crm_5300,BELL:nm1_crm_5300,illin018,9000
BellCanadaR53,BELL:Ecare-5300,BELL:Ecare-5300,illin018,9000
BellCanadaR53,Sonar-BC-nm1_ens-5300,Sonar-BC-nm1_ens-5300,illin018,9000
BellCanadaR53,BELL:nm1_amss_dev,BELL:nm1_amss_dev,illin018,9000
BellCanadaR53,BELL:nm1_crm_5300,BELL:nm1_crm_5300,illin018,9000
BellCanadaR53,BELL:Ecare-5300,BELL:Ecare-5300,illin018,9000
BellCanadaR53,Sonar-BC-nm1_ens-5300,Sonar-BC-nm1_ens-5300,illin018,9000
BellCanadaR53,BELL:nm1_amss_dev,BELL:nm1_amss_dev,illin018,9000
BellCanadaR5350,BELL:nm1_crm-FrontEnd_5350,BELL:nm1_crm-FrontEnd_5350,illin018,9000
BellCanadaR5350,BELL:nm1_crm-BackEnd_5350,BELL:nm1_crm-BackEnd_5350,illin018,9000
BellCanadaR5350,BELL:API-5350,BELL:API-5350,illin018,9000
BellCanadaR5350,Sonar-BC-nm1_ens-5350,Sonar-BC-nm1_ens-5350,illin018,9000
BellCanadaR5350,BELL:nm1_amss_dev,BELL:nm1_amss_dev,illin018,9000
BellCanadaR5350,BELL:nm1_crm-FrontEnd_5350,BELL:nm1_crm-FrontEnd_5350,illin018,9000
BellCanadaR5350,BELL:nm1_crm-BackEnd_5350,BELL:nm1_crm-BackEnd_5350,illin018,9000
BellCanadaR5350,BELL:API-5350,BELL:API-5350,illin018,9000
BellCanadaR5350,Sonar-BC-nm1_ens-5350,Sonar-BC-nm1_ens-5350,illin018,9000
BellCanadaR5350,BELL:nm1_amss_dev,BELL:nm1_amss_dev,illin018,9000
BellCanadaR54,BELL:nm1_crm-FrontEnd_540,BELL:nm1_crm-FrontEnd_540,illin018,9000
BellCanadaR54,BELL:nm1_crm-BackEnd_540,BELL:nm1_crm-BackEnd_540,illin018,9000
BellCanadaR54,BELL:API-5400,BELL:API-5400,illin018,9000
BellCanadaR54,BELL:nm1_ens-5400,BELL:nm1_ens-5400,illin018,9000
BellCanadaR54,BELL:nm1_amss_prev,BELL:nm1_amss_prev,illin018,9000
BellCanadaR54,BELL:nm1_crm-FrontEnd_540,BELL:nm1_crm-FrontEnd_540,illin018,9000
BellCanadaR54,BELL:nm1_crm-BackEnd_540,BELL:nm1_crm-BackEnd_540,illin018,9000
BellCanadaR54,BELL:API-5400,BELL:API-5400,illin018,9000
BellCanadaR54,BELL:nm1_ens-5400,BELL:nm1_ens-5400,illin018,9000
BellCanadaR54,BELL:nm1_amss_prev,BELL:nm1_amss_prev,illin018,9000
BellCanadaR54_SWP,BELL:nm1_crm_5400,BELL:nm1_crm_5400,illin018,9000
BellCanadaR54_SWP,BELL:API-5400,BELL:API-5400,illin018,9000
BellCanadaR54_SWP,BELL:nm1_ens-5400,BELL:nm1_ens-5400,illin018,9000
BellCanadaR54_SWP,BELL:nm1_amss_dev,BELL:nm1_amss_dev,illin018,9000
BellCanadaR54_SWP,BELL:nm1_crm_5400,BELL:nm1_crm_5400,illin018,9000
BellCanadaR54_SWP,BELL:API-5400,BELL:API-5400,illin018,9000
BellCanadaR54_SWP,BELL:nm1_ens-5400,BELL:nm1_ens-5400,illin018,9000
BellCanadaR54_SWP,BELL:nm1_amss_dev,BELL:nm1_amss_dev,illin018,9000
BellCanadaR55,BELL:nm1_crm-FrontEnd_550,BELL:nm1_crm-FrontEnd_550,illin018,9000
BellCanadaR55,BELL:nm1_crm-BackEnd_550,BELL:nm1_crm-BackEnd_550,illin018,9000
BellCanadaR55,BELL:API-5500,BELL:API-5500,illin018,9000
BellCanadaR55,BELL:nm1_ens-5500,BELL:nm1_ens-5500,illin018,9000
BellCanadaR55,BELL:nm1_amss_dev,BELL:nm1_amss_dev,illin018,9000
BellCanadaR55,BELL:nm1_crm-FrontEnd_550,BELL:nm1_crm-FrontEnd_550,illin018,9000
BellCanadaR55,BELL:nm1_crm-BackEnd_550,BELL:nm1_crm-BackEnd_550,illin018,9000
BellCanadaR55,BELL:API-5500,BELL:API-5500,illin018,9000
BellCanadaR55,BELL:nm1_ens-5500,BELL:nm1_ens-5500,illin018,9000
BellCanadaR55,BELL:nm1_amss_dev,BELL:nm1_amss_dev,illin018,9000
BellCanadaR56,BELL:nm1_crm-FrontEnd_560,BELL:nm1_crm-FrontEnd_560,illin018,9000
BellCanadaR56,BELL:nm1_crm-BackEnd_560,BELL:nm1_crm-BackEnd_560,illin018,9000
BellCanadaR56,BELL:API-5600,BELL:API-5600,illin018,9000
BellCanadaR56,BELL:nm1_ens-5600,BELL:nm1_ens-5600,illin018,9000
BellCanadaR56,BELL:nm1_amss_dev,BELL:nm1_amss_dev,illin018,9000
BellCanadaR56,BELL:nm1_crm-FrontEnd_560,BELL:nm1_crm-FrontEnd_560,illin018,9000
BellCanadaR56,BELL:nm1_crm-BackEnd_560,BELL:nm1_crm-BackEnd_560,illin018,9000
BellCanadaR56,BELL:API-5600,BELL:API-5600,illin018,9000
BellCanadaR56,BELL:nm1_ens-5600,BELL:nm1_ens-5600,illin018,9000
BellCanadaR56,BELL:nm1_amss_dev,BELL:nm1_amss_dev,illin018,9000
BellCanadaR57,BELL:nm1_crm-FrontEnd_570,BELL:nm1_crm-FrontEnd_570,illin018,9000
BellCanadaR57,BELL:nm1_crm-BackEnd_570,BELL:nm1_crm-BackEnd_570,illin018,9000
BellCanadaR57,BELL:API-5700,BELL:API-5700,illin018,9000
BellCanadaR57,BELL:nm1_ens-5700,BELL:nm1_ens-5700,illin018,9000
BellCanadaR57,BELL:nm1_amss_dev,BELL:nm1_amss_dev,illin018,9000
BellCanadaR57,BELL:nm1_crm-FrontEnd_570,BELL:nm1_crm-FrontEnd_570,illin018,9000
BellCanadaR57,BELL:nm1_crm-BackEnd_570,BELL:nm1_crm-BackEnd_570,illin018,9000
BellCanadaR57,BELL:API-5700,BELL:API-5700,illin018,9000
BellCanadaR57,BELL:nm1_ens-5700,BELL:nm1_ens-5700,illin018,9000
BellCanadaR57,BELL:nm1_amss_dev,BELL:nm1_amss_dev,illin018,9000
Comcast_ARM_ASD,com.amdocs.oss:and:ORION_ASD_DevMain,com.amdocs.oss:and:ORION_ASD_DevMain,illin018,9000
Comcast_ARM_ASD,comcast:ARM_DevMains_ORION,comcast:ARM_DevMains_ORION,illin018,9000
comcast_mm,amdocs.bss:crm-sonar:COMCAST-MM-Dev-CRM-CLIENT,amdocs.bss:crm-sonar:COMCAST-MM-Dev-CRM-CLIENT,illin018,9000
comcast_mm,amdocs.bss:crm-sonar:COMCAST-MM-Dev-CRM-SERVER,amdocs.bss:crm-sonar:COMCAST-MM-Dev-CRM-SERVER,illin018,9000
comcast_mm,amdocs.bss:oms-sonar:COMCAST-MM-Dev-OMS,amdocs.bss:oms-sonar:COMCAST-MM-Dev-OMS,illin018,9000
comcast_mm,amdocs.bss:cpq-sonar:COMCAST-MM-Dev-CPQ,amdocs.bss:cpq-sonar:COMCAST-MM-Dev-CPQ,illin018,9000
comcast_mm,amdocs.bss:abp-sonar:COMCAST-MM-Dev-ABP,amdocs.bss:abp-sonar:COMCAST-MM-Dev-ABP,illin018,9000
comcast_mm,amdocs.bss:abp-cpp-sonar:COMCAST-MM-Dev-ABP-CPP,amdocs.bss:abp-cpp-sonar:COMCAST-MM-Dev-ABP-CPP,illin018,9000
comcast_mm,amdocs.bss:omni-sonar-server:COMCAST-MM-Dev-OMNI-SERVER,amdocs.bss:omni-sonar-server:COMCAST-MM-Dev-OMNI-SERVER,illin018,9000
comcast_mm,COMCAST:MM:OGW,COMCAST:MM:OGW,illin018,9000
comcast_mm,COMCAST:MM:O2A,COMCAST:MM:O2A,illin018,9000
comcast_mm,COMCAST:MM:DM,COMCAST:MM:DM,illin018,9000
comcast_mm,amdocs.bss:crm-sonar:COMCAST-MM-Dev-CRM-CLIENT,amdocs.bss:crm-sonar:COMCAST-MM-Dev-CRM-CLIENT,illin018,9000
comcast_mm,amdocs.bss:crm-sonar:COMCAST-MM-Dev-CRM-SERVER,amdocs.bss:crm-sonar:COMCAST-MM-Dev-CRM-SERVER,illin018,9000
comcast_mm,amdocs.bss:oms-sonar:COMCAST-MM-Dev-OMS,amdocs.bss:oms-sonar:COMCAST-MM-Dev-OMS,illin018,9000
comcast_mm,amdocs.bss:cpq-sonar:COMCAST-MM-Dev-CPQ,amdocs.bss:cpq-sonar:COMCAST-MM-Dev-CPQ,illin018,9000
comcast_mm,amdocs.bss:abp-sonar:COMCAST-MM-Dev-ABP,amdocs.bss:abp-sonar:COMCAST-MM-Dev-ABP,illin018,9000
comcast_mm,amdocs.bss:abp-cpp-sonar:COMCAST-MM-Dev-ABP-CPP,amdocs.bss:abp-cpp-sonar:COMCAST-MM-Dev-ABP-CPP,illin018,9000
comcast_mm,amdocs.bss:omni-sonar-server:COMCAST-MM-Dev-OMNI-SERVER,amdocs.bss:omni-sonar-server:COMCAST-MM-Dev-OMNI-SERVER,illin018,9000
comcast_mm,COMCAST:MM:OGW,COMCAST:MM:OGW,illin018,9000
comcast_mm,COMCAST:MM:O2A,COMCAST:MM:O2A,illin018,9000
comcast_mm,COMCAST:MM:DM,COMCAST:MM:DM,illin018,9000
comres_modesto,amdocs.cust:crm-sonar:CRM_COMRES_MODESTO-CLIENT-3500,amdocs.cust:crm-sonar:CRM_COMRES_MODESTO-CLIENT-3500,illin018,9000
comres_modesto,amdocs.cust:crm-sonar:CRM_COMRES_MODESTO-SERVER-3500,amdocs.cust:crm-sonar:CRM_COMRES_MODESTO-SERVER-3500,illin018,9000
comres_modesto,amdocs.cust:oms-sonar:OMS_COMRES_MODESTO-3500,amdocs.cust:oms-sonar:OMS_COMRES_MODESTO-3500,illin018,9000
comres_modesto,amdocs.cust:omni-sonar:OMNI_COMRES_MODESTO-3500,amdocs.cust:omni-sonar:OMNI_COMRES_MODESTO-3500,illin018,9000
comres_modesto,amdocs.cust:abp-sonar:ABP_COMRES_MODESTO-3500,amdocs.cust:abp-sonar:ABP_COMRES_MODESTO-3500,illin018,9000
comres_modesto,amdocs.cust:abp-sonar:ABP-CPP_COMRES_MODESTO-3500,amdocs.cust:abp-sonar:ABP-CPP_COMRES_MODESTO-3500,illin018,9000
comres_modesto,amdocs.cust:crm-sonar:CRM_COMRES_MODESTO-CLIENT-3500,amdocs.cust:crm-sonar:CRM_COMRES_MODESTO-CLIENT-3500,illin018,9000
comres_modesto,amdocs.cust:crm-sonar:CRM_COMRES_MODESTO-SERVER-3500,amdocs.cust:crm-sonar:CRM_COMRES_MODESTO-SERVER-3500,illin018,9000
comres_modesto,amdocs.cust:oms-sonar:OMS_COMRES_MODESTO-3500,amdocs.cust:oms-sonar:OMS_COMRES_MODESTO-3500,illin018,9000
comres_modesto,amdocs.cust:oms-sonar:OMNI_COMRES_MODESTO-3500,amdocs.cust:oms-sonar:OMNI_COMRES_MODESTO-3500,illin018,9000
comres_modesto,amdocs.cust:abp-sonar:ABP_COMRES_MODESTO-3500,amdocs.cust:abp-sonar:ABP_COMRES_MODESTO-3500,illin018,9000
comres_modesto,amdocs.cust:abp-sonar:ABP-CPP_COMRES_MODESTO-3500,amdocs.cust:abp-sonar:ABP-CPP_COMRES_MODESTO-3500,illin018,9000
comres_modesto_5510,amdocs.cust:crm-sonar:CRM_COMRES_MODESTO-CLIENT-5510,amdocs.cust:crm-sonar:CRM_COMRES_MODESTO-CLIENT-5510,illin018,9000
comres_modesto_5510,amdocs.cust:crm-sonar:CRM_COMRES_MODESTO-SERVER-5510,amdocs.cust:crm-sonar:CRM_COMRES_MODESTO-SERVER-5510,illin018,9000
comres_modesto_5510,amdocs.cust:oms-sonar:OMS_COMRES_MODESTO-5510,amdocs.cust:oms-sonar:OMS_COMRES_MODESTO-5510,illin018,9000
comres_modesto_5510,amdocs.cust:omni-sonar:OMNI_COMRES_MODESTO-5510,amdocs.cust:omni-sonar:OMNI_COMRES_MODESTO-5510,illin018,9000
comres_modesto_5510,amdocs.cust:omni-sonar:OMNI_PORTAL_COMRES_MODESTO-5510,amdocs.cust:omni-sonar:OMNI_PORTAL_COMRES_MODESTO-5510,illin018,9000
comres_modesto_5510,amdocs.cust:abp-sonar:ABP_COMRES_MODESTO-5510,amdocs.cust:abp-sonar:ABP_COMRES_MODESTO-5510,illin018,9000
comres_modesto_5510,amdocs.cust:abp-sonar:ABP-CPP_COMRES_MODESTO-5510,amdocs.cust:abp-sonar:ABP-CPP_COMRES_MODESTO-5510,illin018,9000
comres_modesto_5510,amdocs.cust:crm-sonar:CRM_COMRES_MODESTO-CLIENT-5510,amdocs.cust:crm-sonar:CRM_COMRES_MODESTO-CLIENT-5510,illin018,9000
comres_modesto_5510,amdocs.cust:crm-sonar:CRM_COMRES_MODESTO-SERVER-5510,amdocs.cust:crm-sonar:CRM_COMRES_MODESTO-SERVER-5510,illin018,9000
comres_modesto_5510,amdocs.cust:oms-sonar:OMS_COMRES_MODESTO-5510,amdocs.cust:oms-sonar:OMS_COMRES_MODESTO-5510,illin018,9000
comres_modesto_5510,amdocs.cust:omni-sonar:OMNI_COMRES_MODESTO-5510,amdocs.cust:omni-sonar:OMNI_COMRES_MODESTO-5510,illin018,9000
comres_modesto_5510,amdocs.cust:omni-sonar:OMNI_PORTAL_COMRES_MODESTO-5510,amdocs.cust:omni-sonar:OMNI_PORTAL_COMRES_MODESTO-5510,illin018,9000
comres_modesto_5510,amdocs.cust:abp-sonar:ABP_COMRES_MODESTO-5510,amdocs.cust:abp-sonar:ABP_COMRES_MODESTO-5510,illin018,9000
comres_modesto_5510,amdocs.cust:abp-sonar:ABP-CPP_COMRES_MODESTO-5510,amdocs.cust:abp-sonar:ABP-CPP_COMRES_MODESTO-5510,illin018,9000
enabler,TRUE:abp_764,TRUE:abp_764,indlin224,9000
enabler,TRUE:abp_764,TRUE:abp_764,indlin224,9000
glbswe,GLOBE:crm888,GLOBE:crm888,illin018,9000
glbswe,GLOBE:oms888,GLOBE:oms888,illin018,9000
glbswe,GLOBE:abp888,GLOBE:abp888,illin018,9000
glbswe,GLOBE:crm888,GLOBE:crm888,illin018,9000
glbswe,GLOBE:oms888,GLOBE:oms888,illin018,9000
glbswe,GLOBE:abp888,GLOBE:abp888,illin018,9000
JCOM-v10.1CRM,amdocs.cust:crm-sonar-server:JCOM-3000-CRM-SERVER,amdocs.cust:crm-sonar-server:JCOM-3000-CRM-SERVER,illin018,9000
JCOM-v10.1CRM,amdocs.cust:crm-sonar-server:JCOM-3000-CRM-SERVER,amdocs.cust:crm-sonar-server:JCOM-3000-CRM-SERVER,illin018,9000
kot,amdocs.cust:abp-sonar:KOT-1507,amdocs.cust:abp-sonar:KOT-1507,illin018,9000
kot,amdocs.cust:abp-cpp-sonar:KOT-ABP-CPP1507,amdocs.cust:abp-cpp-sonar:KOT-ABP-CPP1507,illin018,9000
kot,amdocs.cust:abp-sonar:KOT-1600,amdocs.cust:abp-sonar:KOT-1600,illin018,9000
kot,amdocs.cust:abp-cpp-sonar:KOT-ABP-CPP1600,amdocs.cust:abp-cpp-sonar:KOT-ABP-CPP1600,illin018,9000
kot,amdocs.cust:abp-sonar:KOT-1604,amdocs.cust:abp-sonar:KOT-1604,illin018,9000
kot,amdocs.cust:abp-cpp-sonar:KOT-ABP-CPP1604,amdocs.cust:abp-cpp-sonar:KOT-ABP-CPP1604,illin018,9000
maxis,amdocs.cust:crm-sonar:MAXIS-4000-CRM,amdocs.cust:crm-sonar:MAXIS-4000-CRM,illin018,9000
maxis,amdocs.cust:oms-sonar:MAXIS-4000-OMS,amdocs.cust:oms-sonar:MAXIS-4000-OMS,illin018,9000
maxis,amdocs.cust:omni-sonar:MAXIS-4000-OMNI,amdocs.cust:omni-sonar:MAXIS-4000-OMNI,illin018,9000
maxis,amdocs.cust:abp-sonar:MAXIS-4000-ABP,amdocs.cust:abp-sonar:MAXIS-4000-ABP,illin018,9000
maxis,amdocs.cust:abp-sonar:MAXIS-4000-ABP-CPP,amdocs.cust:abp-sonar:MAXIS-4000-ABP-CPP,illin018,9000
maxis,amdocs.cust:omni-sonar:MAXIS-4000-DIGITAL-SERVER,amdocs.cust:omni-sonar:MAXIS-4000-DIGITAL-SERVER,illin018,9000
maxis,MAXIS-4000-DIGITAL-CLIENT,MAXIS-4000-DIGITAL-CLIENT,illin018,9000
maxis,amdocs.cust:se-sonar:MAXIS-4000-SE,amdocs.cust:se-sonar:MAXIS-4000-SE,illin018,9000
maxis,amdocs.cust:crm-sonar:MAXIS-4000-CRM,amdocs.cust:crm-sonar:MAXIS-4000-CRM,illin018,9000
maxis,amdocs.cust:oms-sonar:MAXIS-4000-OMS,amdocs.cust:oms-sonar:MAXIS-4000-OMS,illin018,9000
maxis,amdocs.cust:omni-sonar:MAXIS-4000-OMNI,amdocs.cust:omni-sonar:MAXIS-4000-OMNI,illin018,9000
maxis,amdocs.cust:abp-sonar:MAXIS-4000-ABP,amdocs.cust:abp-sonar:MAXIS-4000-ABP,illin018,9000
maxis,amdocs.cust:abp-sonar:MAXIS-4000-ABP-CPP,amdocs.cust:abp-sonar:MAXIS-4000-ABP-CPP,illin018,9000
maxis,amdocs.cust:omni-sonar:MAXIS-4000-DIGITAL-SERVER,amdocs.cust:omni-sonar:MAXIS-4000-DIGITAL-SERVER,illin018,9000
maxis,MAXIS-4000-DIGITAL-CLIENT,MAXIS-4000-DIGITAL-CLIENT,illin018,9000
maxis,amdocs.cust:se-sonar:MAXIS-4000-SE,amdocs.cust:se-sonar:MAXIS-4000-SE,illin018,9000
Mtel,com.amdocs.digital.cust9:digital-sonar:MTEL-Release,com.amdocs.digital.cust9:digital-sonar:MTEL-Release,illin018,9000
Mtel,com.amdocs.digital.cust9:digital-sonar:MTEL-Release,com.amdocs.digital.cust9:digital-sonar:MTEL-Release,illin018,9000
OSSDISH,com.amdocs.oss.sfo.dish:sfo.dish:DISH_SFO_dish_DevMain,com.amdocs.oss.sfo.dish:sfo.dish:DISH_SFO_dish_DevMain,illin018,9000
OSSDISH,com.amdocs.oss.sfo.dish:sfo.dish:DISH_SFO_dish_PI7_Support,com.amdocs.oss.sfo.dish:sfo.dish:DISH_SFO_dish_PI7_Support,illin018,9000
OSSDISH,com.amdocs.oss.sfo.dish:sfo.dish:DISH_SFO_dish_DevMain,com.amdocs.oss.sfo.dish:sfo.dish:DISH_SFO_dish_DevMain,illin018,9000
OSSDISH,com.amdocs.oss.sfo.dish:sfo.dish:DISH_SFO_dish_PI7_Support,com.amdocs.oss.sfo.dish:sfo.dish:DISH_SFO_dish_PI7_Support,illin018,9000
OSSDISH,com.amdocs.oss.aua.dish:dish-zip:DISH_AUA_dish_Stage0_Soft,com.amdocs.oss.aua.dish:dish-zip:DISH_AUA_dish_Stage0_Soft,illin018,9000
OSSDISH,com.amdocs.oss.aua.dish:dish-zip:DISH_AUA_dish_PI7_Support,com.amdocs.oss.aua.dish:dish-zip:DISH_AUA_dish_PI7_Support,illin018,9000
OSSDISH,com.amdocs.oss.aua.dish:dish-zip:DISH_AUA_dish_Stage0_Soft,com.amdocs.oss.aua.dish:dish-zip:DISH_AUA_dish_Stage0_Soft,illin018,9000
OSSDISH,com.amdocs.oss.aua.dish:dish-zip:DISH_AUA_dish_PI7_Support,com.amdocs.oss.aua.dish:dish-zip:DISH_AUA_dish_PI7_Support,illin018,9000
OSS_COM_MM,com.amdocs.oss.sfo.orion:sfo.orion:ORION_SFO_orion_DevMain,com.amdocs.oss.sfo.orion:sfo.orion:ORION_SFO_orion_DevMain,illin018,9000
OSS_COM_MM,com.amdocs.oss.sfo.orion:sfo.orion:ORION_SFO_orion_PI6_MACD,com.amdocs.oss.sfo.orion:sfo.orion:ORION_SFO_orion_PI6_MACD,illin018,9000
OSS_COM_MM,com.amdocs.oss.sfo.orion:sfo.orion:Comcast_Orion_SOM_Support,com.amdocs.oss.sfo.orion:sfo.orion:Comcast_Orion_SOM_Support,illin018,9000
OSS_COM_MM,com.amdocs.oss.sfo.orion:sfo.orion:Comcast_Orion_SOM_PI6_MACD_Pilot,com.amdocs.oss.sfo.orion:sfo.orion:Comcast_Orion_SOM_PI6_MACD_Pilot,illin018,9000
Rogers-v10.1CRM,amdocs.cust:crm-sonar-server:ROGERS-3000-CRM-SERVER,amdocs.cust:crm-sonar-server:ROGERS-3000-CRM-SERVER,illin018,9000
Rogers-v10.1CRM,amdocs.cust:crm-sonar-server:ROGERS-3000-CRM-SERVER,amdocs.cust:crm-sonar-server:ROGERS-3000-CRM-SERVER,illin018,9000
sprint,SPRINT:crmClient,SPRINT:crmClient,illin018,9000
sprint,SPRINT:crmServer,SPRINT:crmServer,illin018,9000
sprint,Sprint:abp,Sprint:abp,illin018,9000
sprint,SPRINT_API:APILINK,SPRINT_API:APILINK,illin018,9000
sprint,amdocs.bss:omni-sonar:SPRINT-Omni,amdocs.bss:omni-sonar:SPRINT-Omni,illin018,9000
sprint,sprint:enscsm_1808,sprint:enscsm_1808,illin018,9000
sprint,SPRINT:abp_1808,SPRINT:abp_1808,illin018,9000
sprint,SPRINT:crmClient,SPRINT:crmClient,illin018,9000
sprint,SPRINT:crmServer,SPRINT:crmServer,illin018,9000
sprint,Sprint:abp,Sprint:abp,illin018,9000
sprint,SPRINT_API_J:APILINKJ,SPRINT_API_J:APILINKJ,illin018,9000
sprint,amdocs.bss:omni-sonar:SPRINT-Omni,amdocs.bss:omni-sonar:SPRINT-Omni,illin018,9000
sprint,sprint:enscsm_1808,sprint:enscsm_1808,illin018,9000
sprint,SPRINT:abp_1808,SPRINT:abp_1808,illin018,9000
Telekomsel,amdocs.cust:abp-sonar:MPS-5000,amdocs.cust:abp-sonar:MPS-5000,illin018,9000
Telekomsel,amdocs.cust:abp-sonar:MPS-5000,amdocs.cust:abp-sonar:MPS-5000,illin018,9000
TelstraB2B,com.amdocs.oss.sfo.telstra-xel:sfo.telstra.xel:TELSTRAXEL_SFO_SOMB2B-SIT,com.amdocs.oss.sfo.telstra-xel:sfo.telstra.xel:TELSTRAXEL_SFO_SOMB2B-SIT,illin018,9000
TelstraB2B,com.amdocs.oss.sfo.telstra-xel:sfo.telstra.xel:TELSTRAXEL_SFO_SOMB2B-SIT,com.amdocs.oss.sfo.telstra-xel:sfo.telstra.xel:TELSTRAXEL_SFO_SOMB2B-SIT,illin018,9000
TelstraB2B,com.amdocs.oss.sfo.telstra-xel:sfo.telstra.xel:TELSTRAXEL_SFO_SOMB2B-DEV-STAGE,com.amdocs.oss.sfo.telstra-xel:sfo.telstra.xel:TELSTRAXEL_SFO_SOMB2B-DEV-STAGE,illin018,9000
TelstraB2B,com.amdocs.oss.sfo.telstra-xel:sfo.telstra.xel:TELSTRAXEL_SFO_SOMB2B-DEV-STAGE,com.amdocs.oss.sfo.telstra-xel:sfo.telstra.xel:TELSTRAXEL_SFO_SOMB2B-DEV-STAGE,illin018,9000
TelstraB2B,com.amdocs.oss.sfo.telstra-xel:sfo.telstra.xel:TELSTRAXEL_SFO_SOMB2B-PROD,com.amdocs.oss.sfo.telstra-xel:sfo.telstra.xel:TELSTRAXEL_SFO_SOMB2B-PROD,illin018,9000
TelstraB2B,com.amdocs.oss.sfo.telstra-xel:sfo.telstra.xel:TELSTRAXEL_SFO_SOMB2B-PROD,com.amdocs.oss.sfo.telstra-xel:sfo.telstra.xel:TELSTRAXEL_SFO_SOMB2B-PROD,illin018,9000
TelstraB2B,com.amdocs.oss.sfo.telstra-xel:sfo.telstra.xel:TELSTRAXEL_SFO_SOMB2B-PROD-SUPPORT,com.amdocs.oss.sfo.telstra-xel:sfo.telstra.xel:TELSTRAXEL_SFO_SOMB2B-PROD-SUPPORT,illin018,9000
TelstraB2B,com.amdocs.oss.sfo.telstra-xel:sfo.telstra.xel:TELSTRAXEL_SFO_SOMB2B-PROD-SUPPORT,com.amdocs.oss.sfo.telstra-xel:sfo.telstra.xel:TELSTRAXEL_SFO_SOMB2B-PROD-SUPPORT,illin018,9000
Telus,TLS:ENS:3600,TLS:ENS:3600,illin018,9000
Telus,TLS:ENS:3700,TLS:ENS:3700,illin018,9000
Telus,TLS:abp-1500,TLS:abp-1500,illin018,9000
Telus,TLS:abp-1801,TLS:abp-1801,illin018,9000
Telus,TLS:API-3700,TLS:API-3700,illin018,9000
Telus,TLS:ENS:3600,TLS:ENS:3600,illin018,9000
Telus,TLS:ENS:3700,TLS:ENS:3700,illin018,9000
Telus,TLS:abp-1500,TLS:abp-1500,illin018,9000
Telus,TLS:abp-1801,TLS:abp-1801,illin018,9000
Telus,TLS:API-3700,TLS:API-3700,illin018,9000
TelusOMS,org.sonarqube:sonarqube-scanner,org.sonarqube:sonarqube-scanner,ilrnatelusts01,9000
TelusOMS,org.sonarqube:sonarqube-scanner,org.sonarqube:sonarqube-scanner,ilrnatelusts01,9000
Three_ireland,amdocs.cust:abp-sonar:3IRELAND-2000,amdocs.cust:abp-sonar:3IRELAND-2000,illin018,9000
Three_ireland,3I:ENS:2000,3I:ENS:2000,illin018,9000
Three_ireland,3Ireland:api-sonar:IRELAND-2000,3Ireland:api-sonar:IRELAND-2000,illin018,9000
Three_ireland,amdocs.cust:abp-sonar:3IRELAND-2000,amdocs.cust:abp-sonar:3IRELAND-2000,illin018,9000
Three_ireland,3I:ENS:2000,3I:ENS:2000,illin018,9000
Three_ireland,3Ireland:api-sonar:IRELAND-2000,3Ireland:api-sonar:IRELAND-2000,illin018,9000
Three_ireland_CES10.1,amdocs.cust:crm-sonar-server:3IRE-3200-CRM-SERVER,amdocs.cust:crm-sonar-server:3IRE-3200-CRM-SERVER,illin018,9000
Three_ireland_CES10.1,amdocs.cust:oms-sonar:3IRE-3200-OMS,amdocs.cust:oms-sonar:3IRE-3200-OMS,illin018,9000
Three_ireland_CES10.1,amdocs.cust:omni-sonar:3IRE-3200-OMNI,amdocs.cust:omni-sonar:3IRE-3200-OMNI,illin018,9000
Three_ireland_CES10.1,amdocs.cust:omni-sonar-server:3IRE-3200-Digital-Server,amdocs.cust:omni-sonar-server:3IRE-3200-Digital-Server,illin018,9000
Three_ireland_CES10.1,amdocs.cust:crm-sonar-server:3IRE-3200-CRM-SERVER,amdocs.cust:crm-sonar-server:3IRE-3200-CRM-SERVER,illin018,9000
Three_ireland_CES10.1,amdocs.cust:oms-sonar:3IRE-3200-OMS,amdocs.cust:oms-sonar:3IRE-3200-OMS,illin018,9000
Three_ireland_CES10.1,amdocs.cust:omni-sonar:3IRE-3200-OMNI,amdocs.cust:omni-sonar:3IRE-3200-OMNI,illin018,9000
Three_ireland_CES10.1,amdocs.cust:omni-sonar-server:3IRE-3200-Digital-Server,amdocs.cust:omni-sonar-server:3IRE-3200-Digital-Server,illin018,9000
Three_ireland_Step3,amdocs.cust:abp-sonar:3IRELAND-3000,amdocs.cust:abp-sonar:3IRELAND-3000,illin018,9000
Three_ireland_Step3,3I:ENS:3000,3I:ENS:3000,illin018,9000
Three_ireland_Step3,CESApi:CESApi-sonar:IRELAND-3000,CESApi:CESApi-sonar:IRELAND-3000,illin018,9000
Three_ireland_Step3,amdocs.cust:abp-sonar:3IRELAND-3000,amdocs.cust:abp-sonar:3IRELAND-3000,illin018,9000
Three_ireland_Step3,3I:ENS:3000,3I:ENS:3000,illin018,9000
Three_ireland_Step3,CESApi:CESApi-sonar:IRELAND-3000,CESApi:CESApi-sonar:IRELAND-3000,illin018,9000
true_enb,TRUE:abp_764,TRUE:abp_764,illin018,9000
true_enb,TRUE:abp_764,TRUE:abp_764,illin018,9000
VFIT,amdocs.cust:abp-sonar:VFIT-1000,amdocs.cust:abp-sonar:VFIT-1000,illin018,9000
VFIT,amdocs.cust:crm-server-sonar:VFIT-SERVER-1000,amdocs.cust:crm-server-sonar:VFIT-SERVER-1000,illin018,9000
VFIT,amdocs.cust:crm-client-sonar:VFIT-CLIENT-1000,amdocs.cust:crm-client-sonar:VFIT-CLIENT-1000,illin018,9000
VFIT,amdocs.cust:oms-sonar:VFIT-1000,amdocs.cust:oms-sonar:VFIT-1000,illin018,9000
VFIT,VFIT-DEXP-SERVER,VFIT-DEXP-SERVER,illin018,9000
VFIT,VFIT-DEXP-SERVER,VFIT-DEXP-SERVER,illin018,9000
VFIT,amdocs.cust:se-sonar:VFIT-1000,amdocs.cust:se-sonar:VFIT-1000,illin018,9000
VFIT,amdocs.cust:abp-sonar:VFIT-1000,amdocs.cust:abp-sonar:VFIT-1000,illin018,9000
VFIT,amdocs.cust:crm-server-sonar:VFIT-SERVER-1000,amdocs.cust:crm-server-sonar:VFIT-SERVER-1000,illin018,9000
VFIT,amdocs.cust:crm-client-sonar:VFIT-CLIENT-1000,amdocs.cust:crm-client-sonar:VFIT-CLIENT-1000,illin018,9000
VFIT,amdocs.cust:oms-sonar:VFIT-1000,amdocs.cust:oms-sonar:VFIT-1000,illin018,9000
VFIT,VFIT-DEXP-SERVER,VFIT-DEXP-SERVER,illin018,9000
VFIT,VFIT-DEXPUI-1000,VFIT-DEXPUI-1000,illin018,9000
VFIT,amdocs.cust:se-sonar:VFIT-1000,amdocs.cust:se-sonar:VFIT-1000,illin018,9000
vfuk,VFUK:crm1600,VFUK:crm1600,illin018,9000
vfuk,VFUK:oms1600,VFUK:oms1600,illin018,9000
vfuk,VFUK:crm1600,VFUK:crm1600,illin018,9000
vfuk,VFUK:oms1600,VFUK:oms1600,illin018,9000
VFZ,amdocs.cust:abp-sonar:VFZ-3000,amdocs.cust:abp-sonar:VFZ-3000,illin018,9000
VFZ,amdocs.cust:crm-sonar:VFZ-3000,amdocs.cust:crm-sonar:VFZ-3000,illin018,9000
VFZ,amdocs.cust:oms-sonar:VFZ-3000,amdocs.cust:oms-sonar:VFZ-3000,illin018,9000
VFZ,amdocs.cust:se-sonar:VFZ-3000,amdocs.cust:se-sonar:VFZ-3000,illin018,9000
VFZ,amdocs.cust:omni-sonar:VFZ-3000,amdocs.cust:omni-sonar:VFZ-3000,illin018,9000
VFZ,amdocs.cust:abp-sonar:VFZ-3000,amdocs.cust:abp-sonar:VFZ-3000,illin018,9000
VFZ,amdocs.cust:crm-sonar:VFZ-3000,amdocs.cust:crm-sonar:VFZ-3000,illin018,9000
VFZ,amdocs.cust:oms-sonar:VFZ-3000,amdocs.cust:oms-sonar:VFZ-3000,illin018,9000
VFZ,amdocs.cust:se-sonar:VFZ-3000,amdocs.cust:se-sonar:VFZ-3000,illin018,9000
VFZ,amdocs.cust:omni-sonar:VFZ-3000,amdocs.cust:omni-sonar:VFZ-3000,illin018,9000
VFZ_10.2,amdocs.cust:abp-sonar:VFZ-7000,amdocs.cust:abp-sonar:VFZ-7000,illin018,9000
VFZ_10.2,amdocs.cust:crm-server-sonar:VZ-SERVER-7000,amdocs.cust:crm-server-sonar:VZ-SERVER-7000,illin018,9000
VFZ_10.2,amdocs.cust:crm-client-sonar:VZ-CLIENT-7000,amdocs.cust:crm-client-sonar:VZ-CLIENT-7000,illin018,9000
VFZ_10.2,amdocs.cust:oms-sonar:VFZ-7000,amdocs.cust:oms-sonar:VFZ-7000,illin018,9000
VFZ_10.2,amdocs.cust:se-sonar:VFZ-7000,amdocs.cust:se-sonar:VFZ-7000,illin018,9000
VFZ_10.2,amdocs.cust:amss-sonar:VZ-7000,amdocs.cust:amss-sonar:VZ-7000,illin018,9000
VFZ_10.2,PRM-VF-7000,PRM-VF-7000,illin018,9000
VFZ_10.2,amdocs.cust:abp-sonar:VFZ-7000,amdocs.cust:abp-sonar:VFZ-7000,illin018,9000
VFZ_10.2,amdocs.cust:crm-server-sonar:VZ-SERVER-7000,amdocs.cust:crm-server-sonar:VZ-SERVER-7000,illin018,9000
VFZ_10.2,amdocs.cust:crm-client-sonar:VZ-CLIENT-7000,amdocs.cust:crm-client-sonar:VZ-CLIENT-7000,illin018,9000
VFZ_10.2,amdocs.cust:oms-sonar:VFZ-7000,amdocs.cust:oms-sonar:VFZ-7000,illin018,9000
VFZ_10.2,amdocs.cust:se-sonar:VFZ-7000,amdocs.cust:se-sonar:VFZ-7000,illin018,9000
VFZ_10.2,amdocs.cust:amss-sonar:VZ-7000,amdocs.cust:amss-sonar:VZ-7000,illin018,9000
VFZ_10.2,PRM-VF-7000,PRM-VF-7000,illin018,9000
zig,AIO:abp,AIO:abp,illin018,9000
zig,ZIG:AMSS-1806,ZIG:AMSS-1806,illin018,9000
zig,ZIG:AUA-1806,ZIG:AUA-1806,illin018,9000
zig,ZIG:API-1806,ZIG:API-1806,illin018,9000
zig,ATT-Cricket-CRM-1806,ATT-Cricket-CRM-1806,illin018,9000
zig,AIO:ENS-1806,AIO:ENS-1806,illin018,9000
zig,AIO:abp,AIO:abp,illin018,9000
zig,ZIG:AMSS-1806,ZIG:AMSS-1806,illin018,9000
zig,ZIG:AUA-1806,ZIG:AUA-1806,illin018,9000
zig,ZIG:API-1806,ZIG:API-1806,illin018,9000
zig,ATT-Cricket-CRM-1806,ATT-Cricket-CRM-1806,illin018,9000
zig,AIO:ENS-1806,AIO:ENS-1806,illin018,9000
