project_name,project_division,project_head,project_phase
.gitignore,CALA,XYZ,Ongoing
.project,ATAT,PQR,Ongoing
amxchile,ATAT,PQR,Ongoing
astro,EMEA,ABC,Ongoing
atte,CALA,ABC,Ongoing
attMobility,APAC,PQR,Ongoing
attUV,EMEA,XYZ,Ongoing
BellCanada,EMEA,PQR,Ongoing
BellCanadaR53,ATAT,PQR,Ongoing
BellCanadaR5350,EMEA,XYZ,Ongoing
BellCanadaR54,APAC,ABC,Ongoing
BellCanadaR54_SWP,APAC,ABC,Ongoing
BellCanadaR55,ATAT,PQR,Ongoing
BellCanadaR56,EMEA,PQR,Ongoing
BellCanadaR57,ATAT,PQR,Ongoing
chi,CALA,XYZ,Ongoing
chile,EMEA,ABC,Ongoing
chileone,CALA,ABC,Ongoing
chileone3400,APAC,PQR,Ongoing
comcast,APAC,XYZ,Ongoing
Comcast_ARM_ASD,APAC,ABC,Ongoing
comcast_ent_oss,ATAT,ABC,Ongoing
comcast_ent_oss_arm,CALA,XYZ,Ongoing
comcast_mm,APAC,XYZ,Ongoing
comres,APAC,PQR,Ongoing
comres_modesto,EMEA,ABC,Ongoing
comres_modesto_5510,APAC,PQR,Ongoing
dim_jenkins_connect.csv,ATAT,XYZ,Ongoing
dim_project_connect_details.csv,EMEA,ABC,Ongoing
Dish,CALA,PQR,Ongoing
docker-compose.yml,APAC,ABC,Ongoing
enabler,APAC,PQR,Ongoing
get_live_projects_jenkins_connect_details.py,APAC,XYZ,Ongoing
get_live_project_details.py,CALA,ABC,Ongoing
glbswe,CALA,XYZ,Ongoing
JCOM-v10.1CRM,EMEA,XYZ,Ongoing
kcell,EMEA,ABC,Ongoing
kot,APAC,XYZ,Ongoing
L3ARM,EMEA,ABC,Ongoing
level_oss_odo,EMEA,ABC,Ongoing
maxis,CALA,ABC,Ongoing
mexico,EMEA,PQR,Ongoing
mexico-CX,CALA,XYZ,Ongoing
mps,EMEA,XYZ,Ongoing
Mtel,ATAT,PQR,Ongoing
net,APAC,XYZ,Ongoing
netoss,APAC,ABC,Ongoing
OSSDISH,CALA,PQR,Ongoing
OSS_COM_MM,ATAT,ABC,Ongoing
README.md,EMEA,PQR,Ongoing
region1,EMEA,XYZ,Ongoing
region2,APAC,ABC,Ongoing
region3,ATAT,PQR,Ongoing
region4,ATAT,ABC,Ongoing
region5,ATAT,XYZ,Ongoing
region6,APAC,PQR,Ongoing
region7,EMEA,PQR,Ongoing
Rogers-v10.1CRM,CALA,ABC,Ongoing
singtel,ATAT,PQR,Ongoing
singtelOptus,APAC,XYZ,Ongoing
singtelOptusR2,CALA,XYZ,Ongoing
singtelR2,CALA,ABC,Ongoing
sprint,EMEA,XYZ,Ongoing
tefArgentina,ATAT,XYZ,Ongoing
tefArgentinaOSS,APAC,PQR,Ongoing
tefArgetina1500,APAC,XYZ,Ongoing
tefChile,EMEA,ABC,Ongoing
tefPeru,CALA,PQR,Ongoing
Telekomsel,APAC,PQR,Ongoing
TelstraB2B,EMEA,PQR,Ongoing
Telus,APAC,ABC,Ongoing
TelusOMS,EMEA,PQR,Ongoing
Three_ireland,EMEA,PQR,Ongoing
Three_ireland_CES10.1,ATAT,XYZ,Ongoing
Three_ireland_Step3,EMEA,XYZ,Ongoing
true_enb,EMEA,PQR,Ongoing
tsa,APAC,PQR,Ongoing
uscc,APAC,XYZ,Ongoing
vfd2,CALA,PQR,Ongoing
vfieSOM,CALA,XYZ,Ongoing
VFIT,APAC,XYZ,Ongoing
VFRO,ATAT,PQR,Ongoing
vfuk,CALA,XYZ,Ongoing
VFZ,APAC,PQR,Ongoing
VFZ_10.2,CALA,XYZ,Ongoing
vivo,APAC,XYZ,Ongoing
vivoproduction,CALA,ABC,Ongoing
vivo_1701,EMEA,XYZ,Ongoing
vivo_Prod,APAC,ABC,Ongoing
vivo_Uat,ATAT,PQR,Ongoing
vivo_Uat1,APAC,XYZ,Ongoing
vodafone_ireland,CALA,PQR,Ongoing
zig,APAC,ABC,Ongoing
ziggo,EMEA,PQR,Ongoing
