jenkins_hostname,jenkins_port_no,job_name,project_name
illin3317,8070,9200-CI,amxchile
illin3317,8070,9200-FULL-BUILD,amxchile
indlin609,8070,925-CI,astro
indlin609,8070,925-FULL-BUILD,astro
indlin609,8070,926-CI,astro
indlin609,8070,926-FULL-BUILD,astro
illin2188,8070,1408-CI,atte
illin2188,8070,1408-FULL-BUILD,atte
illin3460,8070,MCRM-1000_Dev-Linux-CI,attMobility
illin3460,8070,MTC-1000_DEV-CI,attMobility
illin3460,8070,1000-Dev-tlgapi-Full_Build-CI,attMobility
illin3460,8070,FBF_LINUX_illin304_CI,attMobility
illin3460,8070,RPL-9.1-1000_DEV-CI,attMobility
illin3460,8070,1000-Dev-M2M-CI,attMobility
illin3460,8070,TLG_LINUX_illin304_18023_CI,attMobility
illin3460,8070,Online_1000_Build-CI-2012,attMobility
illin2971,8070,1000-Dev-LS-CRM-CI,attUV
illin2971,8070,1000-Dev-OMS-CI,attUV
illin2971,8070,1000-Dev-lel-CI,attUV
illin2971,8070,1000-Dev-OMNI-CI,attUV
illin2971,8070,1000-Dev-ACS-CI,attUV
illin2235,8070,NM1_CRM_FB_5200,BellCanada
illin2235,8070,NM1_CRM_CI_5200,BellCanada
illin2235,8070,NM1_AMSS_FB_5200,BellCanada
illin2235,8070,NM1_AMSS_CI_5200,BellCanada
illin2235,8070,NM1_API_FB_5200,BellCanada
illin2235,8070,NM1_API_CI_5200,BellCanada
illin2235,8070,NM1_ENS_FB_5200,BellCanada
illin2235,8070,NM1_ENS_CI_5200,BellCanada
moncclin1,8070,NM1_CRM_FB_5300,BellCanadaR53
moncclin1,8070,NM1_AMSS_FB_5300,BellCanadaR53
moncclin1,8070,NM1_API_FB_5300,BellCanadaR53
moncclin1,8070,NM1_ENS_FB_5300,BellCanadaR53
moncclin1,8070,NM1_CRM_FB_5350,BellCanadaR5350
moncclin1,8070,NM1_AMSS_FB_5350,BellCanadaR5350
moncclin1,8070,NM1_API_FB_5350,BellCanadaR5350
moncclin1,8070,NM1_ENS_FB_5350,BellCanadaR5350
moncclin1,8070,NM1-CRM-5400-CI,BellCanadaR54
moncclin1,8070,NM1-AMSS-5400-CI,BellCanadaR54
moncclin1,8070,NM1-API-5400-CI,BellCanadaR54
moncclin1,8070,NM1-ENS-5400-CI,BellCanadaR54
mon-jenkins,8080,NM1-CRM-CC-BUILD,BellCanadaR54_SWP
mon-jenkins,8080,NM1-AMSS-CC-BUILD,BellCanadaR54_SWP
mon-jenkins,8080,NM1-API-CC-BUILD,BellCanadaR54_SWP
mon-jenkins,8080,NM1-ENS-FULL-CC-BUILD,BellCanadaR54_SWP
mon-jenkins,8080,BML_ICM_SWP_FINAL_REPORT,BellCanadaR54_SWP
moncclin1,8070,NM1-CRM-5500-CI,BellCanadaR55
moncclin1,8070,NM1-AMSS-5500-CI,BellCanadaR55
moncclin1,8070,NM1-API-5500-CI,BellCanadaR55
moncclin1,8070,NM1-ENS-5500-CI,BellCanadaR55
moncclin1,8070,NM1-CRM-5600-CI,BellCanadaR56
moncclin1,8070,NM1-AMSS-5600-CI,BellCanadaR56
moncclin1,8070,NM1-API-5600-CI,BellCanadaR56
moncclin1,8070,NM1-ENS-5600-CI,BellCanadaR56
moncclin1,8070,NM1-CRM-5700-CI,BellCanadaR57
moncclin1,8070,NM1-AMSS-5700-CI,BellCanadaR57
moncclin1,8070,NM1-API-5700-CI,BellCanadaR57
moncclin1,8070,NM1-ENS-5700-CI,BellCanadaR57
illin3317,8070,9200-CI,chi
illin3317,8070,9200-FULL-BUILD,chi
illin3317,8070,9200-CI,chile
illin3317,8070,9200-FULL-BUILD,chile
illin3317,8070,9200-CI,chileone
illin3317,8070,9200-FULL-BUILD,chileone
illin3317,8070,9200-CI,chileone3400
illin3317,8070,9200-FULL-BUILD,chileone3400
illin4423,8070,3000-CI,comcast
illin4423,8070,3000-FULL-BUILD,comcast
illin4423,8070,3000-PRM,comcast
cmm0028,7070,CMM_ASD_NIGHTLY_FLOW_DevMain,Comcast_ARM_ASD
cmm0028,7070,CMM_ASD_BUILD_PI6,Comcast_ARM_ASD
cmm0028,7070,ARM_BUILD_DevMain,Comcast_ARM_ASD
cmm0028,7070,ARM_PI6_FLOW,Comcast_ARM_ASD
cmm0028,7070,ARM_PI7_FLOW,Comcast_ARM_ASD
ilcomjenkin,7070,Comcast_ODO_DevMain_Nightly_Build,comcast_ent_oss
ilcomjenkin,7070,COMCAST_ARM_P6_BUILD_JOB,comcast_ent_oss_arm
ilcecmm015,8080,6000-CI,comcast_mm
ilcecmm015,8080,6000-FULL-BUILD,comcast_mm
ilcecmm015,8080,5000-PRM,comcast_mm
ilcecmr031,8080,3000-CI-OPT,comres
ilcecmr031,8080,3000-FULL-BUILD,comres
ilcecmd024,8080,3500-ABP-9-CI,comres_modesto
ilcecmd024,8080,3500-OMS-9-CI,comres_modesto
ilcecmd024,8080,3500-CRM-9-CI,comres_modesto
ilcecmd024,8080,3500-WSF-9-CI,comres_modesto
ilcecmd024,8080,3500-WS-9-CI,comres_modesto
ilcecmd024,8080,3510-FULL-BUILD,comres_modesto
ilcecmd024,8080,5510-CI,comres_modesto_5510
ilcecmd024,8080,5510-FULL-BUILD,comres_modesto_5510
ilcedsh026,8080,3030-ABP-9-CI,Dish
ilcedsh026,8080,3030-OMS-9-CI,Dish
ilcedsh026,8080,3030-CRM-CLIENT-9-CI,Dish
ilcedsh026,8080,3030-RELEASE-VERSION-9-CI,Dish
incejpt017,8080,3001-PIPELINE,JCOM-v10.1CRM
incejpt017,8080,3000-PIPELINE,JCOM-v10.1CRM
illin3317,8070,9200-CI,kcell
illin3317,8070,9200-FULL-BUILD,kcell
indlin3224,8070,1507-OPT-CI,kot
indlin3224,8070,1507-OPT-IRC,kot
indlin3224,8070,1507-OPT-FULL-BUILD,kot
indlin3224,8070,1600-OPT-CI,kot
indlin3224,8070,1507-OPT-IRC,kot
indlin3224,8070,1600-OPT-FULL-BUILD,kot
indlin3224,8070,1604-OPT-CI,kot
indlin3224,8070,1507-OPT-IRC,kot
indlin3224,8070,1604-OPT-FULL-BUILD,kot
illin3643,7001,LEVEL3_ARM_P1_BUILD_JOB_R4.9_V10,L3ARM
illin3643,7001,LEVEL3_ARMMNGP_P1_THIN_FLOW_R4.9_V10,L3ARM
illin3643,7001,LEVEL3_ARM_P1_BUILD_JOB_DevMain,L3ARM
illin3643,7001,LEVEL3_ARMMNGP_P1_THIN_FLOW_DevMain,L3ARM
illin569,7070,LEVEL3_SFO_P1_NIGHTLY_FLOW_R4.9_V10,level_oss_odo
illin569,7070,LEVEL3_SFO_P1_BUILD_JOB_R4.9_V10,level_oss_odo
incemax027,8080,4000-PIPELINE,maxis
illin3444,8070,Dev-Mexico-CI,mexico
illin3444,8070,Dev-Mexico-FULL-BUILD,mexico
illin3444,8070,Dev-Mexico-CI,mexico-CX
illin3444,8070,Dev-Mexico-FULL-BUILD,mexico-CX
illin1339,8070,2810-CI,mps
illin1339,8070,2800-FULL-BUILD,mps
ilcemte001,8080,1000-DIGITAL-EXP-CI,Mtel
ilcemte001,8080,1000-DIGITAL-UI-CI,Mtel
illin4903,8070,2000-CI,net
illin4903,8070,2000-FULL-BUILD,net
illin4903,8070,2040-CI,net
ilosnet001,7070,NET_SOM_S0_NIGHTLY_FLOW/,netoss
ilosnet001,7070,NET_ARM_NIGHTLY_FLOW_V10,netoss
ilosdsh001,7070,DISH_ODO_AD_S0_NIGHTLY_FLOW,OSSDISH
ilosdsh001,7070,DISH_ODO_AD_BUILD_V10,OSSDISH
ilosdsh001,7070,DISH_USM_AD_S0_GENESISREFRESH_V10,OSSDISH
ilosdsh001,7070,DISH_AUA_S0_BUILD_V10,OSSDISH
ilosdsh001,7070,DISH_AUA_S0_NIGHTLY_FLOW,OSSDISH
ilosdsh001,7070,PT_IntegratedFlow_dshod060_dshum060_dshau060,OSSDISH
ilosdsh001,7070,DISH_ODO_PI7_Support_NIGHTLY_FLOW,OSSDISH
ilosdsh001,7070,DISH_ODO_PI7_Support_BUILD_V10,OSSDISH
ilosdsh001,7070,DISH_USM_PI7_Support_GENESISREFRESH_V10,OSSDISH
ilosdsh001,7070,DISH_AUA_PI7_Support_BUILD_V10,OSSDISH
ilosdsh001,7070,DISH_AUA_PI7_Support_NIGHTLY_FLOW,OSSDISH
cmm0028,7070,CMM_SOM_NIGHTLY_FLOW_AD_DevMain,OSS_COM_MM
cmm0028,7070,CMM_SOM_NIGHTLY_FLOW_AD_PI6_MACD,OSS_COM_MM
cmm0028,7070,CMM_SOM_NIGHTLY_FLOW_AD_Support,OSS_COM_MM
cmm0028,7070,CMM_SOM_NIGHTLY_FLOW_PI6_MACD_Pilot,OSS_COM_MM
ilcerbt016,8080,3001-PIPELINE,Rogers-v10.1CRM
ilcerbt016,8080,3000-PIPELINE,Rogers-v10.1CRM
indlin2193,8070,950-CI,singtel
indlin2193,8070,950-FULL-BUILD,singtel
indlin2193,8070,970-CI,singtelOptus
indlin2193,8070,970-FULL-BUILD,singtelOptus
indlin2193,8060,990-CI,singtelOptusR2
indlin2193,8050,980-CI,singtelR2
indlin2193,8050,980-FULL-BUILD,singtelR2
indlin2193,8050,981-FULL-BUILD,singtelR2
indlin3495,8070,CRM_1808_CI,sprint
indlin3495,8070,CRM_1808_CI,sprint
indlin3495,8070,LEL_1810_CI_64,sprint
indlin3495,8070,API_1808_CI,sprint
indlin3495,8070,UXF_1808_CI,sprint
indlin3495,8070,ENS_OPT_1808_CI,sprint
indlin3495,8070,ABP6_1808_CI,sprint
indlin3495,8070,flow_test,sprint
indlin4781,8080,6000-OPT-CI,tefArgentina
indlin4781,8080,6000-FULL-BUILD,tefArgentina
ilostef001,8080,TEF_ARG_ODO_AD_NIGHTLY_FLOW,tefArgentinaOSS
ilostef001,8080,TEF-ARG_ODO_AD_BUILD,tefArgentinaOSS
indlin660,8070,1700-OPT-CI,tefArgetina1500
indlin660,8070,1700-FULL-BUILD,tefArgetina1500
indlin2222,8070,1850-CI,tefChile
indlin2222,8070,1850-FULL-BUILD,tefChile
indlin2222,8070,1900-CI,tefChile
indlin2222,8070,4850-CI,tefPeru
indlin2222,8070,4850-FULL-BUILD,tefPeru
incetks010,8080,5001-PIPELINE,Telekomsel
incetks010,8080,5000-PIPELINE,Telekomsel
tel0153,7070,TELSTRA_SOMB2B_DEV-STAGE_NIGHTLY_FLOW,TelstraB2B
tel0153,7070,TELSTRA_SOMB2B_DEV-STAGE_BUILD_V10,TelstraB2B
tel0153,7070,TELSTRA_SOMB2B-SIT_NIGHTLY_FLOW,TelstraB2B
tel0153,7070,SIT_BUILD,TelstraB2B
tel0153,7070,TELSTRA_ODO_AD_SOMB2B-PROD_NIGHTLY_FLOW,TelstraB2B
tel0153,7070,TELSTRA_ODO_AD_SOMB2B-PROD_BUILD_V10,TelstraB2B
tel0153,7070,TELSTRA_SOMB2B-PROD-SUPPORT_NIGHTLY_FLOW,TelstraB2B
tel0153,7070,TELSTRA_SOMB2B-PROD-SUPPORT_BUILD_V10,TelstraB2B
moncclin8,8070,KB36_FullBuild,Telus
moncclin8,8070,KB37_FullBuild,Telus
moncclin8,8070,KB_CIBuild_3600,Telus
moncclin8,8070,KB_CIBuild_3700,Telus
moncclin8,8070,ABP_1500_DailyBuilds,Telus
moncclin8,8070,ABP_v1500_CIBuild,Telus
moncclin8,8070,ABP_1801_DailyBuilds,Telus
moncclin8,8070,ABP_v1801_CIBuild,Telus
moncclin8,8070,API_CIBuild_3700,Telus
ilrnatlsoms02,8080,OMS_BUILD_DEVOP,TelusOMS
ilrnatlsoms02,8080,OMS_BUILD_JULY2018,TelusOMS
indlin3905,8070,2000-CI,Three_ireland
indlin3905,8070,2000-FULL-BUILD,Three_ireland
indlin3905,8070,2000-ENS-CI,Three_ireland
indlin3905,8070,2000_ENS_Nightly,Three_ireland
indlin3905,8070,2000-CI-API,Three_ireland
indlin3905,8070,2000-FullB-API,Three_ireland
indlin3905,8070,Online_2000_Build,Three_ireland
incetir022,8080,3201-PIPELINE,Three_ireland_CES10.1
incetir022,8080,3200-PIPELINE,Three_ireland_CES10.1
indlin3905,8070,3000-CI,Three_ireland_Step3
indlin3905,8070,3000_FullBuildOPT,Three_ireland_Step3
indlin3905,8070,3000-ENS-CI,Three_ireland_Step3
indlin3905,8070,3000_ENS_Nightly,Three_ireland_Step3
indlin3905,8070,3000-FullCI-CESAPI,Three_ireland_Step3
indlin3905,8070,3000-FullB-CESAPI,Three_ireland_Step3
indlin3905,8070,Online_3000_Build,Three_ireland_Step3
illin4903,8070,2060-CI,uscc
illin4903,8070,2060-FULL-BUILD,uscc
illin4903,8070,2050-CI,uscc
indlin285,8070,970-Cramer,vfd2
indlin285,8070,960-Cramer,vfd2
illin1772,7070,VFI_10_SM_HOURLY_CI_FLOW,vfieSOM
illin1772,7070,VFI_10_SM_NIGHTLY_CI_FLOW,vfieSOM
ilcevit031,8080,1001-PIPELINE,VFIT
ilcevit031,8080,1000-PIPELINE,VFIT
illin1901,8070,CRM-1600-CI,VFRO
illin1901,8070,OMS-1600-CI,VFRO
illin1901,8070,LMS-1600-CI,VFRO
illin1901,8070,SE-1600-CI,VFRO
illin2418,8070,CRM-1600-CI,vfuk
illin2418,8070,OMS-1600-CI,vfuk
ilcevfz021,8080,3001-PIPELINE,VFZ
ilcevfz021,8080,3000-PIPELINE,VFZ
ilcevfz047,8080,7001-PIPELINE,VFZ_10.2
ilcevfz047,8080,7000-PIPELINE,VFZ_10.2
indlin3906,8070,5101-CI,vivo
indlin3906,8070,5101-FULL-BUILD,vivo
indlin3906,8070,4104-CI,vivoproduction
indlin3906,8070,4104-FULL-BUILD,vivoproduction
indlin3906,8070,1701-CI,vivo_1701
indlin3906,8070,1701-FULL-BUILD,vivo_1701
indlin3906,8070,6103-CI,vivo_Prod
indlin3906,8070,6103-FULL-BUILD,vivo_Prod
indlin3906,8070,6102-CI,vivo_Uat
indlin3906,8070,6102-FULL-BUILD,vivo_Uat
indlin3906,8070,6104-CI,vivo_Uat1
indlin3906,8070,6104-FULL-BUILD,vivo_Uat1
illin3466,8070,3500-CI,vodafone_ireland
illin3466,8070,3500-FULL-BUILD,vodafone_ireland
illin2017,8070,1806-CI-abp,zig
illin2017,8070,1806-CI-AMSS,zig
illin2017,8070,1806-CI-API,zig
illin2017,8070,1806-CI-AUA,zig
illin2017,8070,1806-CI-CRM,zig
illin2017,8070,1806-CI-ENS,zig
ilcevfz047,8080,7001-L3-Dev,ziggo
ilcevfz047,8080,7000-L9-Dev,ziggo
