unix_hostname,project_name
illin983,amxchile
illin2180,atte
illin2954,attMobility
illin342,BellCanada
illin342,BellCanadaR53
illin342,BellCanadaR5350
illin342,BellCanadaR54
illin342,BellCanadaR54_SWP
illin342,BellCanadaR55
illin342,BellCanadaR56
illin342,BellCanadaR57
illin983,chi
illin983,chile
illin983,chileone
illin983,chileone3400
illin342,Comcast_ARM_ASD
ilcecmr032,comres
ilcecmd023,comres_modesto
ilcecmd023,comres_modesto_5510
ilcedsh024,Dish
indlin543,glbswe
ilcerbt031,JCOM-v10.1CRM
ilcedsh024,L3ARM
incemax010,maxis
illin3444,mexico
illin3444,mexico-CX
incemax010,Mtel
illin327,net
illin327,netoss
ilcerbt031,Rogers-v10.1CRM
indlin2193,singtel
indlin2193,singtelOptus
indlin2193,singtelOptusR2
indlin2193,singtelR2
illin1290,sprint
illin3444,tefArgentinaOSS
indlin887,tefChile
indlin890,tefPeru
incetks016,Telekomsel
illin342,TelstraB2B
illin2512,Telus
illin2512,TelusOMS
indlin3905,Three_ireland
incetir034,Three_ireland_CES10.1
indlin3905,Three_ireland_Step3
illin069,tsa
illin620,uscc
indlin3662,vfd2
ilcevit031,VFIT
illin1539,VFRO
illin2418,vfuk
ilcevfz046,VFZ_10.2
indlin3662,vivo
indlin3662,vivo_1701
indlin3662,vivo_Prod
indlin3662,vivo_Uat
indlin3662,vivo_Uat1
ilhp129,zig
ilcevfz046,ziggo
