project_name,project_server,project_depot
amxchile,illin1697:1666,CHI
astro,illin1697:1666,ASTP
atte,illin2143:1666,ATTE
attMobility,illin2143:1666,ATT
attUV,illin2143:1666,ATT
BellCanada,illin1697:1666,BCAN
BellCanadaR53,illin1697:1666,BCAN
BellCanadaR5350,illin1697:1666,BCAN
BellCanadaR54,illin1697:1666,BCAN
BellCanadaR54_SWP,illin1697:1666,BCAN
BellCanadaR55,illin1697:1666,BCAN
BellCanadaR56,illin1697:1666,BCAN
BellCanadaR57,illin1697:1666,BCAN
chi,illin1697:1666,CHI
chile,illin1697:1666,CHI
chileone,illin1697:1666,CHI
chileone3400,illin1697:1666,CHI
comcast,illin1697:1666,COMCAST
Comcast_ARM_ASD,illin1696:1666,COMCAST_CLIPS
comcast_ent_oss,illin1697:1666,OSSADG
comcast_ent_oss_arm,illin1696:1666,COMCAST_ENTARM
comcast_mm,illin1697:1666,COMCAST
comres,illin1697:1666,COMRES
comres_modesto,illin1697:1666,COMRES
comres_modesto_5510,illin1697:1666,COMRES
Dish,illin1697:1666,DISH
enabler,indlin3232:1666,TRUE
glbswe,illin1697:1666,GLBSWE
JCOM-v10.1CRM,illin1697:1666,JCOM
kot,illin1697:1666,KOT
L3ARM,illin1696:1666,OSSLEV3
level_oss_odo,illin1696:1666,OSSLEV3
maxis,incemax137:1666,MAXIS
mexico,illin2143:1666,ATT
mexico-CX,illin2143:1666,ATT
mps,illin1697:1666,BSSP
Mtel,mtelperforce:1666,MTEL
net,illin1697:1666,NET
netoss,illin1696:1666,OSSNET
OSSDISH,illin1696:1666,OSSDISH
OSS_COM_MM,illin1697:1666,OSSADG
Rogers-v10.1CRM,illin4657:1666,ROGERS
singtel,illin1693:1662,BCC
singtelOptus,illin1693:1662,BCC
singtelOptusR2,illin1693:1662,BCC
singtelR2,illin1693:1662,BCC
sprint,cmiperforce:1666,SPRINT
tefArgentina,illin1697:1666,TEF
tefArgentinaOSS,illin1696:1666,OSSTEFARG
tefArgetina1500,illin1697:1666,TEF
tefChile,illin1697:1666,TEF
tefPeru,illin1697:1666,TEF
Telekomsel,illin1697:1666,Telekomsel
TelstraB2B,illin1696:1666,TelstraXel
Telus,moncclin4:1662,TLS
TelusOMS,illin1697:1666,TELUS
Three_ireland,indlin3911:1666,IRELAND
Three_ireland_CES10.1,indlin3911:1666,IRELAND
Three_ireland_Step3,indlin3911:1666,IRELAND
true_enb,indlin3232:1666,TRUE
tsa,illin1697:1666,TSABSS
uscc,illin1697:1666,USC
vfd2,illin1697:1666,OSSVFP
vfieSOM,illin1697:1666,OSSADG
VFIT,vfitperforce:1666,VFIT
VFRO,illin1697:1666,VFRO
vfuk,illin1697:1666,VFUK
VFZ,vfnlperforce:1666,VNP
VFZ_10.2,vfnlperforce:1666,VNP
vivo,illin1697:1666,VIVO
vivoproduction,illin1697:1666,VIVO
vivo_1701,illin1697:1666,VIVO
vivo_Prod,illin1697:1666,VIVO
vivo_Uat,illin1697:1666,VIVO
vivo_Uat1,illin1697:1666,VIVO
vodafone_ireland,illin1697:1666,VFI
zig,cmiperforce:1666,ZIG
ziggo,vfnlperforce:1666,VNP
